Returned,Orders
Yes,CA-2014-153822
Yes,CA-2014-129707
Yes,CA-2011-152345
Yes,CA-2012-156440
Yes,US-2014-155999
Yes,CA-2011-157924
Yes,CA-2014-131807
Yes,CA-2013-124527
Yes,CA-2014-135692
Yes,CA-2011-123225
Yes,CA-2014-145772
Yes,US-2011-105137
Yes,CA-2014-101805
Yes,CA-2013-111682
Yes,CA-2014-131492
Yes,CA-2012-104129
Yes,CA-2014-117926
Yes,US-2013-115952
Yes,CA-2012-155761
Yes,CA-2014-100111
Yes,CA-2011-156349
Yes,CA-2013-118899
Yes,CA-2014-108294
Yes,US-2014-123834
Yes,CA-2012-168480
Yes,CA-2014-122007
Yes,CA-2014-128965
Yes,CA-2012-169397
Yes,CA-2012-168564
Yes,CA-2011-102652
Yes,CA-2013-112340
Yes,CA-2013-114727
Yes,US-2013-151827
Yes,CA-2013-152814
Yes,US-2013-114230
Yes,CA-2012-146486
Yes,CA-2012-116092
Yes,CA-2014-118542
Yes,CA-2012-140984
Yes,CA-2014-127306
Yes,CA-2014-119284
Yes,CA-2014-150609
Yes,CA-2014-136651
Yes,CA-2014-136539
Yes,CA-2011-110786
Yes,CA-2011-126403
Yes,CA-2013-157280
Yes,CA-2013-162138
Yes,CA-2013-114307
Yes,CA-2011-123498
Yes,CA-2013-142398
Yes,CA-2014-161956
Yes,CA-2014-134194
Yes,CA-2012-134075
Yes,US-2013-156986
Yes,US-2013-105578
Yes,US-2013-131149
Yes,US-2014-147886
Yes,CA-2011-126361
Yes,CA-2014-141929
Yes,CA-2013-145583
Yes,CA-2012-154970
Yes,CA-2013-167759
Yes,CA-2014-109085
Yes,CA-2011-142769
Yes,US-2014-107888
Yes,CA-2011-109918
Yes,CA-2014-131618
Yes,US-2014-109253
Yes,CA-2014-130631
Yes,US-2014-118087
Yes,CA-2013-126732
Yes,US-2013-144057
Yes,CA-2013-168921
Yes,CA-2013-109806
Yes,CA-2011-104829
Yes,CA-2013-147375
Yes,CA-2011-134726
Yes,CA-2014-117513
Yes,US-2011-138758
Yes,CA-2011-126522
Yes,CA-2014-115994
Yes,CA-2013-138282
Yes,CA-2014-161459
Yes,CA-2013-136483
Yes,CA-2013-116547
Yes,CA-2012-130785
Yes,CA-2014-165008
Yes,US-2012-137008
Yes,CA-2014-169894
Yes,CA-2011-105270
Yes,CA-2013-165330
Yes,CA-2011-111871
Yes,CA-2012-157812
Yes,CA-2013-145982
Yes,CA-2014-166142
Yes,CA-2011-127131
Yes,CA-2014-143084
Yes,CA-2012-151547
Yes,CA-2012-138674
Yes,CA-2011-169019
Yes,CA-2011-100762
Yes,US-2011-164406
Yes,CA-2013-118500
Yes,CA-2012-143490
Yes,CA-2014-115427
Yes,CA-2012-124058
Yes,CA-2014-132346
Yes,CA-2013-150077
Yes,CA-2014-124401
Yes,CA-2014-137414
Yes,CA-2014-142867
Yes,CA-2014-157196
Yes,CA-2012-149342
Yes,CA-2013-112123
Yes,US-2014-147998
Yes,CA-2012-103716
Yes,CA-2012-144267
Yes,CA-2013-109869
Yes,CA-2014-166898
Yes,CA-2014-169327
Yes,CA-2014-169859
Yes,CA-2014-137085
Yes,CA-2014-154074
Yes,CA-2013-130477
Yes,CA-2013-134775
Yes,US-2014-105046
Yes,CA-2013-136924
Yes,CA-2014-166093
Yes,CA-2013-106950
Yes,CA-2014-145128
Yes,US-2013-114293
Yes,CA-2014-137099
Yes,CA-2013-133319
Yes,CA-2011-103744
Yes,CA-2012-161627
Yes,CA-2012-142601
Yes,CA-2012-112144
Yes,CA-2011-164861
Yes,US-2012-128090
Yes,CA-2011-108609
Yes,CA-2014-147452
Yes,CA-2012-123568
Yes,CA-2014-102519
Yes,CA-2014-121853
Yes,CA-2012-132374
Yes,US-2011-150574
Yes,CA-2011-148614
Yes,CA-2014-165491
Yes,CA-2013-133802
Yes,CA-2014-112865
Yes,CA-2013-130680
Yes,CA-2012-114048
Yes,CA-2014-108931
Yes,CA-2014-136308
Yes,CA-2013-126529
Yes,CA-2011-135699
Yes,CA-2012-146255
Yes,CA-2014-140053
Yes,CA-2011-143336
Yes,CA-2014-159954
Yes,CA-2013-105291
Yes,CA-2014-158729
Yes,CA-2014-101273
Yes,CA-2014-123085
Yes,CA-2014-131828
Yes,CA-2014-113670
Yes,CA-2012-135580
Yes,US-2013-157490
Yes,CA-2014-142888
Yes,CA-2011-153150
Yes,US-2013-152051
Yes,CA-2011-103940
Yes,CA-2013-159345
Yes,CA-2014-162012
Yes,CA-2012-148873
Yes,CA-2014-167395
Yes,US-2013-127425
Yes,CA-2014-142342
Yes,CA-2013-159212
Yes,CA-2013-116736
Yes,CA-2013-128671
Yes,CA-2014-112753
Yes,US-2013-148957
Yes,CA-2012-110814
Yes,CA-2011-164721
Yes,US-2012-136987
Yes,CA-2013-151372
Yes,US-2014-151127
Yes,US-2012-110569
Yes,CA-2012-153220
Yes,CA-2014-117212
Yes,CA-2014-101574
Yes,CA-2013-151323
Yes,CA-2011-166744
Yes,US-2013-119046
Yes,CA-2012-105158
Yes,CA-2014-103380
Yes,CA-2013-161746
Yes,CA-2012-111948
Yes,CA-2014-138163
Yes,CA-2012-134201
Yes,US-2012-126214
Yes,CA-2011-140816
Yes,CA-2011-133690
Yes,CA-2013-120873
Yes,US-2014-103247
Yes,CA-2014-155712
Yes,US-2013-108455
Yes,CA-2013-104689
Yes,CA-2014-152660
Yes,US-2012-136749
Yes,CA-2012-143602
Yes,CA-2013-134803
Yes,CA-2013-139269
Yes,CA-2011-123253
Yes,CA-2013-162159
Yes,US-2013-135720
Yes,CA-2011-159338
Yes,US-2014-136679
Yes,CA-2012-113628
Yes,CA-2014-107825
Yes,CA-2011-160766
Yes,CA-2013-118311
Yes,CA-2012-130456
Yes,CA-2011-148950
Yes,CA-2012-119214
Yes,CA-2012-119907
Yes,CA-2014-137428
Yes,CA-2011-108861
Yes,CA-2013-130638
Yes,CA-2012-143238
Yes,CA-2012-109736
Yes,CA-2011-124688
Yes,CA-2013-133368
Yes,CA-2014-168193
Yes,CA-2011-135657
Yes,CA-2013-105081
Yes,CA-2014-154214
Yes,CA-2012-107678
Yes,CA-2014-144064
Yes,CA-2014-101700
Yes,CA-2013-113341
Yes,CA-2012-139731
Yes,CA-2012-132941
Yes,CA-2012-146262
Yes,CA-2013-115917
Yes,US-2013-111528
Yes,CA-2014-142328
Yes,CA-2012-141593
Yes,CA-2014-121258
Yes,CA-2011-141726
Yes,CA-2014-167003
Yes,US-2012-160857
Yes,CA-2013-145261
Yes,CA-2014-112725
Yes,CA-2013-145919
Yes,CA-2014-140151
Yes,CA-2012-164882
Yes,CA-2014-123491
Yes,CA-2011-127012
Yes,CA-2013-123526
Yes,CA-2014-161557
Yes,CA-2012-150875
Yes,CA-2012-150770
Yes,US-2011-140452
Yes,CA-2012-149650
Yes,CA-2011-100867
Yes,CA-2014-140186
Yes,CA-2014-156391
Yes,CA-2012-157770
Yes,CA-2014-140963
Yes,CA-2014-154949
Yes,CA-2013-166275
Yes,US-2011-143287
Yes,CA-2011-151162
Yes,US-2014-103828
Yes,CA-2011-143840
Yes,CA-2011-160773
Yes,CA-2014-111556
Yes,CA-2014-140585
Yes,CA-2011-103373
Yes,CA-2013-159023
Yes,CA-2013-145492
Yes,CA-2014-118122
Yes,CA-2011-116785
Yes,US-2011-164763
Yes,CA-2014-122504
Yes,CA-2014-150910
Yes,CA-2012-162166
Yes,US-2013-140172
Yes,CA-2012-101910
Yes,CA-2014-156958
Yes,CA-2013-105585
Yes,CA-2013-148796
Yes,CA-2012-149636
